model,threshold,sensitivity,specificity,precision,f1,balanced_accuracy,fp,fn
XGBoost,0.05,0.9823529411764705,0.9192982456140351,0.8789473684210526,0.9277777777777778,0.9508255933952527,23,3
XGBoost,0.06,0.9764705882352941,0.9298245614035088,0.8924731182795699,0.9325842696629213,0.9531475748194014,20,4
XGBoost,0.07,0.9764705882352941,0.9333333333333333,0.8972972972972973,0.9352112676056338,0.9549019607843137,19,4
XGBoost,0.08,0.9764705882352941,0.9368421052631579,0.9021739130434783,0.9378531073446328,0.956656346749226,18,4
XGBoost,0.09,0.9764705882352941,0.9368421052631579,0.9021739130434783,0.9378531073446328,0.956656346749226,18,4
XGBoost,0.1,0.9705882352941176,0.9438596491228071,0.9116022099447514,0.9401709401709402,0.9572239422084623,16,5
XGBoost,0.11,0.9705882352941176,0.9473684210526315,0.9166666666666666,0.9428571428571428,0.9589783281733746,15,5
XGBoost,0.12,0.9705882352941176,0.9508771929824561,0.9217877094972067,0.9455587392550143,0.9607327141382869,14,5
XGBoost,0.13,0.9705882352941176,0.9508771929824561,0.9217877094972067,0.9455587392550143,0.9607327141382869,14,5
XGBoost,0.14,0.9705882352941176,0.9543859649122807,0.9269662921348315,0.9482758620689655,0.9624871001031992,13,5
XGBoost,0.15,0.9705882352941176,0.9543859649122807,0.9269662921348315,0.9482758620689655,0.9624871001031992,13,5
XGBoost,0.16,0.9705882352941176,0.9543859649122807,0.9269662921348315,0.9482758620689655,0.9624871001031992,13,5
XGBoost,0.17,0.9705882352941176,0.9578947368421052,0.9322033898305084,0.9510086455331412,0.9642414860681114,12,5
XGBoost,0.18,0.9705882352941176,0.9578947368421052,0.9322033898305084,0.9510086455331412,0.9642414860681114,12,5
XGBoost,0.19,0.9705882352941176,0.9578947368421052,0.9322033898305084,0.9510086455331412,0.9642414860681114,12,5
XGBoost,0.2,0.9705882352941176,0.9578947368421052,0.9322033898305084,0.9510086455331412,0.9642414860681114,12,5
XGBoost,0.21,0.9705882352941176,0.9649122807017544,0.9428571428571428,0.9565217391304348,0.967750257997936,10,5
XGBoost,0.22,0.9705882352941176,0.9649122807017544,0.9428571428571428,0.9565217391304348,0.967750257997936,10,5
XGBoost,0.23,0.9705882352941176,0.9649122807017544,0.9428571428571428,0.9565217391304348,0.967750257997936,10,5
XGBoost,0.24,0.9705882352941176,0.9649122807017544,0.9428571428571428,0.9565217391304348,0.967750257997936,10,5
XGBoost,0.25,0.9705882352941176,0.9649122807017544,0.9428571428571428,0.9565217391304348,0.967750257997936,10,5
XGBoost,0.26,0.9705882352941176,0.9649122807017544,0.9428571428571428,0.9565217391304348,0.967750257997936,10,5
XGBoost,0.27,0.9705882352941176,0.9649122807017544,0.9428571428571428,0.9565217391304348,0.967750257997936,10,5
XGBoost,0.28,0.9647058823529412,0.968421052631579,0.9479768786127167,0.956268221574344,0.9665634674922601,9,6
XGBoost,0.29,0.9588235294117647,0.968421052631579,0.9476744186046512,0.9532163742690059,0.9636222910216719,9,7
XGBoost,0.3,0.9588235294117647,0.968421052631579,0.9476744186046512,0.9532163742690059,0.9636222910216719,9,7
XGBoost,0.31,0.9588235294117647,0.9719298245614035,0.9532163742690059,0.9560117302052786,0.9653766769865841,8,7
XGBoost,0.32,0.9588235294117647,0.9719298245614035,0.9532163742690059,0.9560117302052786,0.9653766769865841,8,7
XGBoost,0.33,0.9529411764705882,0.9719298245614035,0.9529411764705882,0.9529411764705882,0.9624355005159959,8,8
XGBoost,0.34,0.9529411764705882,0.9719298245614035,0.9529411764705882,0.9529411764705882,0.9624355005159959,8,8
XGBoost,0.35,0.9529411764705882,0.9754385964912281,0.9585798816568047,0.9557522123893806,0.9641898864809082,7,8
XGBoost,0.36,0.9529411764705882,0.9754385964912281,0.9585798816568047,0.9557522123893806,0.9641898864809082,7,8
XGBoost,0.37,0.9529411764705882,0.9754385964912281,0.9585798816568047,0.9557522123893806,0.9641898864809082,7,8
XGBoost,0.38,0.9529411764705882,0.9754385964912281,0.9585798816568047,0.9557522123893806,0.9641898864809082,7,8
XGBoost,0.39,0.9529411764705882,0.9754385964912281,0.9585798816568047,0.9557522123893806,0.9641898864809082,7,8
XGBoost,0.4,0.9529411764705882,0.9754385964912281,0.9585798816568047,0.9557522123893806,0.9641898864809082,7,8
XGBoost,0.41,0.9529411764705882,0.9754385964912281,0.9585798816568047,0.9557522123893806,0.9641898864809082,7,8
XGBoost,0.42,0.9529411764705882,0.9754385964912281,0.9585798816568047,0.9557522123893806,0.9641898864809082,7,8
XGBoost,0.43,0.9529411764705882,0.9789473684210527,0.9642857142857143,0.9585798816568047,0.9659442724458205,6,8
XGBoost,0.44,0.9529411764705882,0.9789473684210527,0.9642857142857143,0.9585798816568047,0.9659442724458205,6,8
XGBoost,0.45,0.9529411764705882,0.9824561403508771,0.9700598802395209,0.9614243323442137,0.9676986584107327,5,8
XGBoost,0.46,0.9529411764705882,0.9824561403508771,0.9700598802395209,0.9614243323442137,0.9676986584107327,5,8
XGBoost,0.47,0.9529411764705882,0.9824561403508771,0.9700598802395209,0.9614243323442137,0.9676986584107327,5,8
XGBoost,0.48,0.9529411764705882,0.9824561403508771,0.9700598802395209,0.9614243323442137,0.9676986584107327,5,8
XGBoost,0.49,0.9529411764705882,0.9824561403508771,0.9700598802395209,0.9614243323442137,0.9676986584107327,5,8
XGBoost,0.5,0.9529411764705882,0.9824561403508771,0.9700598802395209,0.9614243323442137,0.9676986584107327,5,8
XGBoost,0.51,0.9529411764705882,0.9824561403508771,0.9700598802395209,0.9614243323442137,0.9676986584107327,5,8
XGBoost,0.52,0.9529411764705882,0.9824561403508771,0.9700598802395209,0.9614243323442137,0.9676986584107327,5,8
XGBoost,0.53,0.9529411764705882,0.9824561403508771,0.9700598802395209,0.9614243323442137,0.9676986584107327,5,8
XGBoost,0.54,0.9529411764705882,0.9824561403508771,0.9700598802395209,0.9614243323442137,0.9676986584107327,5,8
XGBoost,0.55,0.9529411764705882,0.9824561403508771,0.9700598802395209,0.9614243323442137,0.9676986584107327,5,8
XGBoost,0.56,0.9529411764705882,0.9859649122807017,0.9759036144578314,0.9642857142857143,0.969453044375645,4,8
XGBoost,0.57,0.9529411764705882,0.9859649122807017,0.9759036144578314,0.9642857142857143,0.969453044375645,4,8
XGBoost,0.58,0.9529411764705882,0.9859649122807017,0.9759036144578314,0.9642857142857143,0.969453044375645,4,8
XGBoost,0.59,0.9529411764705882,0.9859649122807017,0.9759036144578314,0.9642857142857143,0.969453044375645,4,8
XGBoost,0.6,0.9529411764705882,0.9894736842105263,0.9818181818181818,0.9671641791044776,0.9712074303405572,3,8
XGBoost,0.61,0.9529411764705882,0.9894736842105263,0.9818181818181818,0.9671641791044776,0.9712074303405572,3,8
XGBoost,0.62,0.9529411764705882,0.9894736842105263,0.9818181818181818,0.9671641791044776,0.9712074303405572,3,8
XGBoost,0.63,0.9529411764705882,0.9894736842105263,0.9818181818181818,0.9671641791044776,0.9712074303405572,3,8
XGBoost,0.64,0.9529411764705882,0.9894736842105263,0.9818181818181818,0.9671641791044776,0.9712074303405572,3,8
XGBoost,0.65,0.9529411764705882,0.9894736842105263,0.9818181818181818,0.9671641791044776,0.9712074303405572,3,8
XGBoost,0.66,0.9470588235294117,0.9894736842105263,0.9817073170731707,0.9640718562874252,0.968266253869969,3,9
XGBoost,0.67,0.9470588235294117,0.9894736842105263,0.9817073170731707,0.9640718562874252,0.968266253869969,3,9
XGBoost,0.68,0.9411764705882353,0.9894736842105263,0.9815950920245399,0.960960960960961,0.9653250773993808,3,10
XGBoost,0.69,0.9411764705882353,0.9894736842105263,0.9815950920245399,0.960960960960961,0.9653250773993808,3,10
XGBoost,0.7,0.9411764705882353,0.9894736842105263,0.9815950920245399,0.960960960960961,0.9653250773993808,3,10
XGBoost,0.71,0.9352941176470588,0.9929824561403509,0.9875776397515528,0.9607250755287009,0.9641382868937048,2,11
XGBoost,0.72,0.9352941176470588,0.9929824561403509,0.9875776397515528,0.9607250755287009,0.9641382868937048,2,11
XGBoost,0.73,0.9352941176470588,0.9929824561403509,0.9875776397515528,0.9607250755287009,0.9641382868937048,2,11
XGBoost,0.74,0.9352941176470588,0.9929824561403509,0.9875776397515528,0.9607250755287009,0.9641382868937048,2,11
XGBoost,0.75,0.9352941176470588,0.9929824561403509,0.9875776397515528,0.9607250755287009,0.9641382868937048,2,11
XGBoost,0.76,0.9235294117647059,0.9964912280701754,0.9936708860759493,0.9573170731707317,0.9600103199174407,1,13
XGBoost,0.77,0.9176470588235294,0.9964912280701754,0.9936305732484076,0.9541284403669725,0.9570691434468523,1,14
XGBoost,0.78,0.9176470588235294,0.9964912280701754,0.9936305732484076,0.9541284403669725,0.9570691434468523,1,14
XGBoost,0.79,0.9176470588235294,0.9964912280701754,0.9936305732484076,0.9541284403669725,0.9570691434468523,1,14
XGBoost,0.8,0.9176470588235294,0.9964912280701754,0.9936305732484076,0.9541284403669725,0.9570691434468523,1,14
XGBoost,0.81,0.9176470588235294,0.9964912280701754,0.9936305732484076,0.9541284403669725,0.9570691434468523,1,14
XGBoost,0.82,0.9117647058823529,0.9964912280701754,0.9935897435897436,0.950920245398773,0.9541279669762641,1,15
XGBoost,0.83,0.9058823529411765,0.9964912280701754,0.9935483870967742,0.9476923076923077,0.9511867905056759,1,16
XGBoost,0.84,0.9,0.9964912280701754,0.9935064935064936,0.9444444444444444,0.9482456140350877,1,17
XGBoost,0.85,0.9,0.9964912280701754,0.9935064935064936,0.9444444444444444,0.9482456140350877,1,17
XGBoost,0.86,0.888235294117647,0.9964912280701754,0.993421052631579,0.937888198757764,0.9423632610939112,1,19
XGBoost,0.87,0.888235294117647,0.9964912280701754,0.993421052631579,0.937888198757764,0.9423632610939112,1,19
XGBoost,0.88,0.888235294117647,0.9964912280701754,0.993421052631579,0.937888198757764,0.9423632610939112,1,19
XGBoost,0.89,0.888235294117647,0.9964912280701754,0.993421052631579,0.937888198757764,0.9423632610939112,1,19
XGBoost,0.9,0.888235294117647,0.9964912280701754,0.993421052631579,0.937888198757764,0.9423632610939112,1,19
XGBoost,0.91,0.8764705882352941,0.9964912280701754,0.9933333333333333,0.93125,0.9364809081527348,1,21
XGBoost,0.92,0.8764705882352941,0.9964912280701754,0.9933333333333333,0.93125,0.9364809081527348,1,21
XGBoost,0.93,0.8705882352941177,1.0,1.0,0.9308176100628931,0.9352941176470588,0,22
XGBoost,0.94,0.8588235294117647,1.0,1.0,0.9240506329113924,0.9294117647058824,0,24
XGBoost,0.95,0.8470588235294118,1.0,1.0,0.9171974522292994,0.9235294117647059,0,26
